{
  "Accident_Casualties": [
    0.5816666666666668,
    0.5725,
    0.6558333333333334,
    0.5016666666666667,
    0.6591666666666667,
    0.6475,
    0.6016666666666668,
    0.47333333333333333
  ],
  "adult": [
    0.7933333333333333,
    0.7950000000000002,
    0.8266666666666668,
    0.8191666666666666,
    0.8216666666666667,
    0.8074999999999999,
    0.805,
    0.7866666666666667
  ],
  "analcatdata_broadwaymult": [
    0.5,
    0.5308212560386473,
    0.5441545893719806,
    0.5702415458937198,
    0.5528502415458937,
    0.500096618357488,
    0.49159420289855077,
    0.5572946859903382
  ],
  "analcatdata_germangss": [
    0.19375,
    0.215625,
    0.2125,
    0.225,
    0.21875,
    0.184375,
    0.203125,
    0.178125
  ],
  "ar4": [
    0.8470588235294118,
    0.8470588235294118,
    0.8117647058823529,
    0.6941176470588235,
    0.8470588235294118,
    0.8117647058823529,
    0.8470588235294118,
    0.7294117647058823
  ],
  "autos": [
    0.5975378787878788,
    0.5607954545454545,
    0.615719696969697,
    0.5729166666666666,
    0.5731060606060605,
    0.6337121212121212,
    0.5242424242424242,
    0.6090909090909091
  ],
  "balance-scale": [
    0.7979999999999999,
    0.7899999999999999,
    0.8860000000000001,
    0.756,
    0.866,
    0.874,
    0.44800000000000006,
    0.758
  ],
  "bank-full": [
    0.8550000000000001,
    0.8574999999999999,
    0.875,
    0.8799999999999999,
    0.8825,
    0.8741666666666665,
    0.8716666666666667,
    0.8416666666666666
  ],
  "baseball": [
    0.9076635514018692,
    0.9076635514018692,
    0.9076635514018692,
    0.9076635514018692,
    0.9076635514018692,
    0.9076635514018692,
    0.9076635514018692,
    0.9076635514018692
  ],
  "biodeg": [
    0.8578261482107635,
    0.857847280924204,
    0.8720414201183433,
    0.7605663567202029,
    0.8744294167371092,
    0.8708227669766131,
    0.5664412510566357,
    0.7950338123415047
  ],
  "blood-transfusion": [
    0.7093417366946779,
    0.7526050420168067,
    0.7460224089635854,
    0.734187675070028,
    0.7793137254901961,
    0.7460084033613444,
    0.7191596638655462,
    0.7092717086834733
  ],
  "bodyfat": [
    0.9902439024390244,
    0.9003658536585366,
    0.9951219512195122,
    0.7264634146341462,
    0.821219512195122,
    0.9951219512195122,
    0.7023170731707317,
    0.9951219512195122
  ],
  "braziltourism": [
    0.7323543123543125,
    0.7233566433566434,
    0.7417249417249416,
    0.5341258741258741,
    0.7445687645687645,
    0.6750116550116549,
    0.7174358974358974,
    0.5718414918414918
  ],
  "bureau": [
    0.9308333333333334,
    0.9208333333333334,
    0.9316666666666666,
    0.9291666666666668,
    0.9316666666666666,
    0.93,
    0.9258333333333333,
    0.8633333333333333
  ],
  "car": [
    0.9216666666666666,
    0.9333333333333333,
    0.9508333333333333,
    0.885,
    0.8699999999999999,
    0.9708333333333334,
    0.885,
    0.9641666666666667
  ],
  "chatfield_4": [
    0.8826458036984353,
    0.8456614509246089,
    0.8829302987197725,
    0.8509246088193455,
    0.9256045519203413,
    0.8934566145092461,
    0.8297297297297298,
    0.8509246088193457
  ],
  "cmc": [
    0.5186765236206274,
    0.5016408222142085,
    0.5373891092679408,
    0.39892895780742876,
    0.5101803101334296,
    0.49570140641904076,
    0.34040389469888205,
    0.45412549585286693
  ],
  "crx": [
    0.8405405405405405,
    0.8351515151515152,
    0.8532514332514332,
    0.8587059787059788,
    0.8695495495495497,
    0.8514496314496315,
    0.856904176904177,
    0.8351515151515152
  ],
  "data_banknote_authentication": [
    0.989057700290577,
    0.9990867579908675,
    0.9945246990452471,
    0.9863304275633042,
    0.9918015774180159,
    0.9917932752179327,
    0.5387712743877128,
    0.9762972187629723
  ],
  "dermatology": [
    0.9691408533021626,
    0.975978959672706,
    0.9794272355347751,
    0.9657510227936879,
    0.9691408533021626,
    0.9623027469316188,
    0.28755113968439505,
    0.9416715371127996
  ],
  "diabetes": [
    0.7213514594162336,
    0.7182193789151007,
    0.773610555777689,
    0.6676662668266027,
    0.7621751299480208,
    0.7686392109822737,
    0.6970678395308543,
    0.6953885112621618
  ],
  "diggle_table_a2": [
    0.9879183673469388,
    0.9798367346938776,
    0.9959183673469388,
    0.9596734693877551,
    0.9838367346938777,
    0.9959183673469388,
    0.903265306122449,
    0.9959183673469388
  ],
  "disclosure_z": [
    0.4897035040431267,
    0.4991194968553459,
    0.5199281221922731,
    0.5065588499550764,
    0.5765858041329739,
    0.5085354896675651,
    0.5084636118598382,
    0.49344115004492367
  ],
  "fri_c0_250_5": [
    0.825,
    0.82,
    0.86,
    0.75,
    0.79,
    0.8150000000000001,
    0.445,
    0.6849999999999999
  ],
  "Frogs_MFCCs_family": [
    0.9658333333333333,
    0.9724999999999999,
    0.9666666666666666,
    0.7491666666666665,
    0.8833333333333334,
    0.9583333333333334,
    0.52,
    0.9166666666666666
  ],
  "Frogs_MFCCs_gen": [
    0.9425000000000001,
    0.9566666666666668,
    0.9466666666666667,
    0.6441666666666668,
    0.8775000000000001,
    0.9358333333333333,
    0.5108333333333334,
    0.8908333333333334
  ],
  "Frogs_MFCCs_spec": [
    0.945,
    0.9525,
    0.9549999999999998,
    0.43000000000000005,
    0.8933333333333333,
    0.9458333333333334,
    0.39999999999999997,
    0.8891666666666665
  ],
  "glass": [
    0.7070588235294119,
    0.7305882352941178,
    0.695294117647059,
    0.5611764705882354,
    0.4618487394957983,
    0.7015126050420168,
    0.23378151260504204,
    0.6139495798319328
  ],
  "haberman": [
    0.7418367346938776,
    0.7128401360544218,
    0.7129251700680272,
    0.7172619047619047,
    0.7295918367346939,
    0.7417517006802721,
    0.7297619047619046,
    0.6599489795918367
  ],
  "home_credit": [
    0.93,
    0.9291666666666668,
    0.9283333333333333,
    0.5775,
    0.9175000000000001,
    0.9125,
    0.9291666666666668,
    0.8583333333333334
  ],
  "HTRU_2": [
    0.9666666666666666,
    0.9700000000000001,
    0.9691666666666666,
    0.6791666666666667,
    0.9741666666666667,
    0.9666666666666666,
    0.9308333333333334,
    0.9574999999999999
  ],
  "image segmentation": [
    0.9591666666666667,
    0.9550000000000001,
    0.9716666666666667,
    0.8041666666666666,
    0.9183333333333333,
    0.9683333333333334,
    0.6208333333333333,
    0.9458333333333332
  ],
  "Indian Liver Patient Dataset (ILPD)": [
    0.6953099977121939,
    0.7037977579501258,
    0.6846716998398535,
    0.6887668725692062,
    0.7145504461221689,
    0.6760924273621598,
    0.6803706245710364,
    0.6245481583161747
  ],
  "Iris": [
    0.9583333333333334,
    0.975,
    0.9666666666666668,
    0.775,
    0.875,
    0.9583333333333334,
    0.3416666666666667,
    0.975
  ],
  "kc3": [
    0.8963346908552389,
    0.904516845612736,
    0.8908182154757496,
    0.8307293594964827,
    0.9044798222880415,
    0.8881525360977417,
    0.8881155127730469,
    0.8607922991484636
  ],
  "kidney": [
    0.5333333333333334,
    0.6,
    0.6000000000000001,
    0.5833333333333334,
    0.5833333333333334,
    0.6166666666666667,
    0.5000000000000001,
    0.6
  ],
  "krkopt": [
    0.225,
    0.22666666666666666,
    0.22666666666666666,
    0.19,
    0.1925,
    0.22083333333333335,
    0.22416666666666668,
    0.22749999999999998
  ],
  "LendingClub Issued Loans": [
    0.545,
    0.5325,
    0.5658333333333333,
    0.44749999999999995,
    0.5425,
    0.5516666666666666,
    0.49083333333333334,
    0.4708333333333334
  ],
  "magic04": [
    0.845,
    0.8308333333333333,
    0.8616666666666667,
    0.6541666666666666,
    0.7975,
    0.8625,
    0.7191666666666667,
    0.7916666666666666
  ],