{
  "Accident_Casualties": [
    0.5966666666666667,
    0.57,
    0.68,
    0.5266666666666666,
    0.6633333333333333,
    0.6566666666666666,
    0.63,
    0.5266666666666666
  ],
  "adult": [
    0.8033333333333333,
    0.8066666666666666,
    0.8166666666666667,
    0.8066666666666666,
    0.81,
    0.81,
    0.8033333333333333,
    0.7533333333333333
  ],
  "analcatdata_broadwaymult": [
    0.5087719298245614,
    0.543859649122807,
    0.543859649122807,
    0.5263157894736842,
    0.45614035087719296,
    0.43859649122807015,
    0.49122807017543857,
    0.543859649122807
  ],
  "analcatdata_germangss": [
    0.25,
    0.2875,
    0.3,
    0.325,
    0.3125,
    0.25,
    0.25,
    0.25
  ],
  "ar4": [
    0.8636363636363636,
    0.8181818181818182,
    0.7727272727272727,
    0.7272727272727273,
    0.7272727272727273,
    0.8181818181818182,
    0.8636363636363636,
    0.8636363636363636
  ],
  "autos": [
    0.6829268292682927,
    0.6829268292682927,
    0.6829268292682927,
    0.6097560975609756,
    0.6341463414634146,
    0.6829268292682927,
    0.5853658536585366,
    0.6341463414634146
  ],
  "balance-scale": [
    0.84,
    0.784,
    0.872,
    0.848,
    0.856,
    0.848,
    0.84,
    0.776
  ],
  "bank-full": [
    0.8833333333333333,
    0.8766666666666667,
    0.88,
    0.88,
    0.88,
    0.8866666666666667,
    0.8733333333333333,
    0.8666666666666667
  ],
  "baseball": [
    0.9029850746268657,
    0.9029850746268657,
    0.9029850746268657,
    0.9029850746268657,
    0.9029850746268657,
    0.9029850746268657,
    0.9029850746268657,
    0.9029850746268657
  ],
  "biodeg": [
    0.8436018957345972,
    0.8436018957345972,
    0.8483412322274881,
    0.7962085308056872,
    0.8104265402843602,
    0.8436018957345972,
    0.8009478672985783,
    0.8151658767772512
  ],
  "blood-transfusion": [
    0.7333333333333333,
    0.7066666666666667,
    0.7533333333333333,
    0.7333333333333333,
    0.74,
    0.7266666666666667,
    0.7333333333333333,
    0.6733333333333333
  ],
  "bodyfat": [
    1.0,
    0.9019607843137255,
    1.0,
    0.7843137254901961,
    0.7843137254901961,
    1.0,
    0.7647058823529411,
    1.0
  ],
  "braziltourism": [
    0.8072289156626506,
    0.7710843373493976,
    0.7710843373493976,
    0.7831325301204819,
    0.8192771084337349,
    0.7228915662650602,
    0.7710843373493976,
    0.6506024096385542
  ],
  "bureau": [
    0.9166666666666666,
    0.9133333333333333,
    0.9233333333333333,
    0.92,
    0.9233333333333333,
    0.9166666666666666,
    0.9166666666666666,
    0.8766666666666667
  ],
  "car": [
    0.91,
    0.9466666666666667,
    0.9566666666666667,
    0.8833333333333333,
    0.8633333333333333,
    0.9766666666666667,
    0.8766666666666667,
    0.9566666666666667
  ],
  "chatfield_4": [
    0.8297872340425532,
    0.8085106382978723,
    0.851063829787234,
    0.8723404255319149,
    0.8723404255319149,
    0.851063829787234,
    0.8723404255319149,
    0.8723404255319149
  ],
  "cmc": [
    0.49830508474576274,
    0.5016949152542373,
    0.5423728813559322,
    0.4101694915254237,
    0.49491525423728816,
    0.5627118644067797,
    0.5016949152542373,
    0.49491525423728816
  ],
  "crx": [
    0.8478260869565217,
    0.8405797101449275,
    0.855072463768116,
    0.8188405797101449,
    0.8478260869565217,
    0.8405797101449275,
    0.8478260869565217,
    0.8043478260869565
  ],
  "data_banknote_authentication": [
    0.9963636363636363,
    1.0,
    0.9963636363636363,
    0.9854545454545455,
    0.9854545454545455,
    0.9963636363636363,
    1.0,
    0.9890909090909091
  ],
  "dermatology": [
    0.9452054794520548,
    0.9726027397260274,
    0.9863013698630136,
    0.9726027397260274,
    0.9863013698630136,
    0.9863013698630136,
    0.863013698630137,
    0.9726027397260274
  ],
  "diabetes": [
    0.7207792207792207,
    0.6883116883116883,
    0.7597402597402597,
    0.5974025974025974,
    0.7337662337662337,
    0.7662337662337663,
    0.6753246753246753,
    0.6688311688311688
  ],
  "diggle_table_a2": [
    1.0,
    1.0,
    1.0,
    1.0,
    1.0,
    1.0,
    1.0,
    1.0
  ],
  "disclosure_z": [
    0.5413533834586466,
    0.556390977443609,
    0.5714285714285714,
    0.42857142857142855,
    0.5413533834586466,
    0.5263157894736842,
    0.5112781954887218,
    0.5413533834586466
  ],
  "fri_c0_250_5": [
    0.8,
    0.72,
    0.86,
    0.78,
    0.78,
    0.84,
    0.8,
    0.74
  ],
  "Frogs_MFCCs_family": [
    0.9666666666666667,
    0.9666666666666667,
    0.9666666666666667,
    0.9366666666666666,
    0.9,
    0.97,
    0.9733333333333334,
    0.9066666666666666
  ],
  "Frogs_MFCCs_gen": [
    0.95,
    0.9633333333333334,
    0.96,
    0.9266666666666666,
    0.9066666666666666,
    0.9566666666666667,
    0.9533333333333334,
    0.8866666666666667
  ],
  "Frogs_MFCCs_spec": [
    0.95,
    0.96,
    0.95,
    0.9233333333333333,
    0.9066666666666666,
    0.9566666666666667,
    0.9533333333333334,
    0.9
  ],
  "glass": [
    0.7674418604651163,
    0.6511627906976745,
    0.6976744186046512,
    0.3953488372093023,
    0.5348837209302325,
    0.7674418604651163,
    0.6744186046511628,
    0.7209302325581395
  ],
  "haberman": [
    0.7903225806451613,
    0.7258064516129032,
    0.7419354838709677,
    0.20967741935483872,
    0.7903225806451613,
    0.7419354838709677,
    0.7580645161290323,
    0.6774193548387096
  ],
  "home_credit": [
    0.92,
    0.92,
    0.9233333333333333,
    0.77,
    0.9066666666666666,
    0.92,
    0.92,
    0.8366666666666667
  ],
  "HTRU_2": [
    0.9766666666666667,
    0.9733333333333334,
    0.9733333333333334,
    0.9333333333333333,
    0.9766666666666667,
    0.9766666666666667,
    0.9733333333333334,
    0.9666666666666667
  ],
  "image segmentation": [
    0.97,
    0.96,
    0.99,
    0.8933333333333333,
    0.9433333333333334,
    0.9933333333333333,
    0.9333333333333333,
    0.9566666666666667
  ],
  "Indian Liver Patient Dataset (ILPD)": [
    0.7350427350427351,
    0.7094017094017094,
    0.717948717948718,
    0.7094017094017094,
    0.7094017094017094,
    0.7350427350427351,
    0.6495726495726496,
    0.6410256410256411
  ],
  "Iris": [
    0.9,
    0.9,
    0.9333333333333333,
    0.9,
    0.9333333333333333,
    0.9,
    0.9,
    0.9
  ],
  "kc3": [
    0.8804347826086957,
    0.9021739130434783,
    0.8913043478260869,
    0.7934782608695652,
    0.9239130434782609,
    0.9239130434782609,
    0.8586956521739131,
    0.9130434782608695
  ],
  "kidney": [
    0.6875,
    0.6875,
    0.6875,
    0.4375,
    0.625,
    0.6875,
    0.5,
    0.6875
  ],
  "krkopt": [
    0.20333333333333334,
    0.19333333333333333,
    0.25666666666666665,
    0.22666666666666666,
    0.24,
    0.21666666666666667,
    0.21333333333333335,
    0.19333333333333333
  ],
  "LendingClub Issued Loans": [
    0.55,
    0.49333333333333335,
    0.55,
    0.44,
    0.5366666666666666,
    0.54,
    0.47,
    0.45
  ],
  "magic04": [
    0.86,
    0.8366666666666667,
    0.86,
    0.7533333333333333,
    0.7933333333333333,
    0.85,
    0.7766666666666666,
    0.8233333333333334
  ],
  "mammographic_masses": [
    0.7772020725388601,
    0.7564766839378239,
    0.7979274611398963,
    0.7253886010362695,
    0.7772020725388601,
    0.8238341968911918,
    0.7461139896373057,
    0.7409326424870466
  ],
  "movement_libras": [
    0.7222222222222222,
    0.7916666666666666,
    0.6666666666666666,
    0.6388888888888888,
    0.5138888888888888,
    0.6388888888888888,
    0.6388888888888888,
    0.5416666666666666
  ],
  "no2": [
    0.63,
    0.59,
    0.69,
    0.56,
    0.55,
    0.67,
    0.59,
    0.72
  ],
  "plasma_retinol": [
    0.6666666666666666,
    0.6349206349206349,
    0.6190476190476191,
    0.6031746031746031,
    0.6031746031746031,
    0.6825396825396826,
    0.6190476190476191,
    0.6349206349206349
  ],