{
  "Accident_Casualties": [
    0.536,
    0.5713333333333332,
    0.5586666666666666,
    0.3773333333333333,
    0.6506666666666667,
    0.6553333333333333,
    0.174,
    0.6506666666666667,
    0.5006666666666666,
    0.5379999999999999,
    0.4073333333333333
  ],
  "adult": [
    0.8006666666666666,
    0.792,
    0.8200000000000001,
    0.8059999999999998,
    0.7306666666666667,
    0.8126666666666666,
    0.32,
    0.7306666666666667,
    0.8153333333333335,
    0.7886666666666666,
    0.792,
    0.7746666666666666
  ],
  "analcatdata_broadwaymult": [
    0.512280701754386,
    0.5368421052631579,
    0.5508771929824561,
    0.5263157894736843,
    0.512280701754386,
    0.5543859649122806,
    0.20350877192982458,
    0.512280701754386,
    0.5263157894736843,
    0.44561403508771924,
    0.5017543859649123,
    0.5614035087719298
  ],
  "analcatdata_germangss": [
    0.22000000000000003,
    0.21999999999999997,
    0.23500000000000001,
    0.2575,
    0.2425,
    0.25749999999999995,
    0.030000000000000006,
    0.2425,
    0.225,
    0.23500000000000001,
    0.2625,
    0.20750000000000002
  ],
  "ar4": [
    0.8216450216450216,
    0.8588744588744589,
    0.8497835497835498,
    0.6926406926406926,
    0.7567099567099567,
    0.8311688311688311,
    0.8779220779220779,
    0.7567099567099567,
    0.8307359307359306,
    0.8683982683982684,
    0.8311688311688311,
    0.7090909090909092
  ]
}